Series_reference,Period,Data_value,Suppressed,STATUS,UNITS,Magnitude,Subject,Group,Series_title_1,Series_title_2,Series_title_3,Series_title_4,Series_title_5
WTSQ.SFA1CA,1995.03,2368.69,,F,Dollars,6,Wholesale Trade Survey - WTS,Industry by variable - (ANZSIC06) - Subannual Financial Collection,Basic material wholesaling,Sales (operating income),Current prices,Unadjusted,
WTSQ.SFA1CA,1995.06,2100.44,,F,Dollars,6,Wholesale Trade Survey - WTS,Industry by variable - (ANZSIC06) - Subannual Financial Collection,Basic material wholesaling,Sales (operating income),Current prices,Unadjusted,
WTSQ.SFA1CA,1995.09,2070.21,,F,Dollars,6,Wholesale Trade Survey - WTS,Industry by variable - (ANZSIC06) - Subannual Financial Collection,Basic material wholesaling,Sales (operating income),Current prices,Unadjusted,
WTSQ.SFA1CA,1995.12,2284.77,,F,Dollars,6,Wholesale Trade Survey - WTS,Industry by variable - (ANZSIC06) - Subannual Financial Collection,Basic material wholesaling,Sales (operating income),Current prices,Unadjusted,
WTSQ.SFA1CA,1996.03,2134.76,,F,Dollars,6,Wholesale Trade Survey - WTS,Industry by variable - (ANZSIC06) - Subannual Financial Collection,Basic material wholesaling,Sales (operating income),Current prices,Unadjusted,
WTSQ.SFA1CA,1996.06,2038.45,,F,Dollars,6,Wholesale Trade Survey - WTS,Industry by variable - (ANZSIC06) - Subannual Financial Collection,Basic material wholesaling,Sales (operating income),Current prices,Unadjusted,
WTSQ.SFA1CA,1996.09,2031.17,,F,Dollars,6,Wholesale Trade Survey - WTS,Industry by variable - (ANZSIC06) - Subannual Financial Collection,Basic material wholesaling,Sales (operating income),Current prices,Unadjusted,
WTSQ.SFA1CA,1996.12,2263.97,,F,Dollars,6,Wholesale Trade Survey - WTS,Industry by variable - (ANZSIC06) - Subannual Financial Collection,Basic material wholesaling,Sales (operating income),Current prices,Unadjusted,
WTSQ.SFA1CA,1997.03,1997.05,,F,Dollars,6,Wholesale Trade Survey - WTS,Industry by variable - (ANZSIC06) - Subannual Financial Collection,Basic material wholesaling,Sales (operating income),Current prices,Unadjusted,
WTSQ.SFA1CA,1997.06,2025.13,,F,Dollars,6,Wholesale Trade Survey - WTS,Industry by variable - (ANZSIC06) - Subannual Financial Collection,Basic material wholesaling,Sales (operating income),Current prices,Unadjusted,
WTSQ.SFA1CA,1997.09,2009.55,,F,Dollars,6,Wholesale Trade Survey - WTS,Industry by variable - (ANZSIC06) - Subannual Financial Collection,Basic material wholesaling,Sales (operating income),Current prices,Unadjusted,
WTSQ.SFA1CA,1997.12,2199.21,,F,Dollars,6,Wholesale Trade Survey - WTS,Industry by variable - (ANZSIC06) - Subannual Financial Collection,Basic material wholesaling,Sales (operating income),Current prices,Unadjusted,
WTSQ.SFA1CA,1998.03,2081.28,,F,Dollars,6,Wholesale Trade Survey - WTS,Industry by variable - (ANZSIC06) - Subannual Financial Collection,Basic material wholesaling,Sales (operating income),Current prices,Unadjusted,
WTSQ.SFA1CA,1998.06,2074.51,,F,Dollars,6,Wholesale Trade Survey - WTS,Industry by variable - (ANZSIC06) - Subannual Financial Collection,Basic material wholesaling,Sales (operating income),Current prices,Unadjusted,
WTSQ.SFA1CA,1998.09,1945.92,,F,Dollars,6,Wholesale Trade Survey - WTS,Industry by variable - (ANZSIC06) - Subannual Financial Collection,Basic material wholesaling,Sales (operating income),Current prices,Unadjusted,
WTSQ.SFA1CA,1998.12,2174.62,,F,Dollars,6,Wholesale Trade Survey - WTS,Industry by variable - (ANZSIC06) - Subannual Financial Collection,Basic material wholesaling,Sales (operating income),Current prices,Unadjusted,
WTSQ.SFA1CA,1999.03,2041.11,,F,Dollars,6,Wholesale Trade Survey - WTS,Industry by variable - (ANZSIC06) - Subannual Financial Collection,Basic material wholesaling,Sales (operating income),Current prices,Unadjusted,
WTSQ.SFA1CA,1999.06,2086.81,,F,Dollars,6,Wholesale Trade Survey - WTS,Industry by variable - (ANZSIC06) - Subannual Financial Collection,Basic material wholesaling,Sales (operating income),Current prices,Unadjusted,
WTSQ.SFA1CA,1999.09,2189.79,,F,Dollars,6,Wholesale Trade Survey - WTS,Industry by variable - (ANZSIC06) - Subannual Financial Collection,Basic material wholesaling,Sales (operating income),Current prices,Unadjusted,
WTSQ.SFA1CA,1999.12,2285.29,,F,Dollars,6,Wholesale Trade Survey - WTS,Industry by variable - (ANZSIC06) - Subannual Financial Collection,Basic material wholesaling,Sales (operating income),Current prices,Unadjusted,
WTSQ.SFA1CA,2000.03,2222.68,,F,Dollars,6,Wholesale Trade Survey - WTS,Industry by variable - (ANZSIC06) - Subannual Financial Collection,Basic material wholesaling,Sales (operating income),Current prices,Unadjusted,
WTSQ.SFA1CA,2000.06,2281.39,,F,Dollars,6,Wholesale Trade Survey - WTS,Industry by variable - (ANZSIC06) - Subannual Financial Collection,Basic material wholesaling,Sales (operating income),Current prices,Unadjusted,
WTSQ.SFA1CA,2000.09,2314.49,,F,Dollars,6,Wholesale Trade Survey - WTS,Industry by variable - (ANZSIC06) - Subannual Financial Collection,Basic material wholesaling,Sales (operating income),Current prices,Unadjusted,
WTSQ.SFA1CA,2000.12,2725.07,,F,Dollars,6,Wholesale Trade Survey - WTS,Industry by variable - (ANZSIC06) - Subannual Financial Collection,Basic material wholesaling,Sales (operating income),Current prices,Unadjusted,
WTSQ.SFA1CA,2001.03,2455.79,,F,Dollars,6,Wholesale Trade Survey - WTS,Industry by variable - (ANZSIC06) - Subannual Financial Collection,Basic material wholesaling,Sales (operating income),Current prices,Unadjusted,
WTSQ.SFA1CA,2001.06,2656.11,,F,Dollars,6,Wholesale Trade Survey - WTS,Industry by variable - (ANZSIC06) - Subannual Financial Collection,Basic material wholesaling,Sales (operating income),Current prices,Unadjusted,
WTSQ.SFA1CA,2001.09,2654.37,,F,Dollars,6,Wholesale Trade Survey - WTS,Industry by variable - (ANZSIC06) - Subannual Financial Collection,Basic material wholesaling,Sales (operating income),Current prices,Unadjusted,
WTSQ.SFA1CA,2001.12,2745.46,,F,Dollars,6,Wholesale Trade Survey - WTS,Industry by variable - (ANZSIC06) - Subannual Financial Collection,Basic material wholesaling,Sales (operating income),Current prices,Unadjusted,
WTSQ.SFA1CA,2002.03,2652.62,,F,Dollars,6,Wholesale Trade Survey - WTS,Industry by variable - (ANZSIC06) - Subannual Financial Collection,Basic material wholesaling,Sales (operating income),Current prices,Unadjusted,
WTSQ.SFA1CA,2002.06,2682.44,,F,Dollars,6,Wholesale Trade Survey - WTS,Industry by variable - (ANZSIC06) - Subannual Financial Collection,Basic material wholesaling,Sales (operating income),Current prices,Unadjusted,
WTSQ.SFA1CA,2002.09,2728.65,,F,Dollars,6,Wholesale Trade Survey - WTS,Industry by variable - (ANZSIC06) - Subannual Financial Collection,Basic material wholesaling,Sales (operating income),Current prices,Unadjusted,
WTSQ.SFA1CA,2002.12,2829.27,,F,Dollars,6,Wholesale Trade Survey - WTS,Industry by variable - (ANZSIC06) - Subannual Financial Collection,Basic material wholesaling,Sales (operating income),Current prices,Unadjusted,
WTSQ.SFA1CA,2003.03,2544.22,,F,Dollars,6,Wholesale Trade Survey - WTS,Industry by variable - (ANZSIC06) - Subannual Financial Collection,Basic material wholesaling,Sales (operating income),Current prices,Unadjusted,
WTSQ.SFA1CA,2003.06,2558.36,,F,Dollars,6,Wholesale Trade Survey - WTS,Industry by variable - (ANZSIC06) - Subannual Financial Collection,Basic material wholesaling,Sales (operating income),Current prices,Unadjusted,
WTSQ.SFA1CA,2003.09,2576.08,,F,Dollars,6,Wholesale Trade Survey - WTS,Industry by variable - (ANZSIC06) - Subannual Financial Collection,Basic material wholesaling,Sales (operating income),Current prices,Unadjusted,
WTSQ.SFA1CA,2003.12,2812.78,,F,Dollars,6,Wholesale Trade Survey - WTS,Industry by variable - (ANZSIC06) - Subannual Financial Collection,Basic material wholesaling,Sales (operating income),Current prices,Unadjusted,
WTSQ.SFA1CA,2004.03,2553.85,,F,Dollars,6,Wholesale Trade Survey - WTS,Industry by variable - (ANZSIC06) - Subannual Financial Collection,Basic material wholesaling,Sales (operating income),Current prices,Unadjusted,
WTSQ.SFA1CA,2004.06,2839.01,,F,Dollars,6,Wholesale Trade Survey - WTS,Industry by variable - (ANZSIC06) - Subannual Financial Collection,Basic material wholesaling,Sales (operating income),Current prices,Unadjusted,
WTSQ.SFA1CA,2004.09,2944.86,,F,Dollars,6,Wholesale Trade Survey - WTS,Industry by variable - (ANZSIC06) - Subannual Financial Collection,Basic material wholesaling,Sales (operating income),Current prices,Unadjusted,
WTSQ.SFA1CA,2004.12,3127.86,,F,Dollars,6,Wholesale Trade Survey - WTS,Industry by variable - (ANZSIC06) - Subannual Financial Collection,Basic material wholesaling,Sales (operating income),Current prices,Unadjusted,
WTSQ.SFA1CA,2005.03,2866.78,,F,Dollars,6,Wholesale Trade Survey - WTS,Industry by variable - (ANZSIC06) - Subannual Financial Collection,Basic material wholesaling,Sales (operating income),Current prices,Unadjusted,
WTSQ.SFA1CA,2005.06,3136.88,,F,Dollars,6,Wholesale Trade Survey - WTS,Industry by variable - (ANZSIC06) - Subannual Financial Collection,Basic material wholesaling,Sales (operating income),Current prices,Unadjusted,
WTSQ.SFA1CA,2005.09,3191.08,,F,Dollars,6,Wholesale Trade Survey - WTS,Industry by variable - (ANZSIC06) - Subannual Financial Collection,Basic material wholesaling,Sales (operating income),Current prices,Unadjusted,
WTSQ.SFA1CA,2005.12,3368.75,,F,Dollars,6,Wholesale Trade Survey - WTS,Industry by variable - (ANZSIC06) - Subannual Financial Collection,Basic material wholesaling,Sales (operating income),Current prices,Unadjusted,
WTSQ.SFA1CA,2006.03,3159.73,,F,Dollars,6,Wholesale Trade Survey - WTS,Industry by variable - (ANZSIC06) - Subannual Financial Collection,Basic material wholesaling,Sales (operating income),Current prices,Unadjusted,
WTSQ.SFA1CA,2006.06,3326.03,,F,Dollars,6,Wholesale Trade Survey - WTS,Industry by variable - (ANZSIC06) - Subannual Financial Collection,Basic material wholesaling,Sales (operating income),Current prices,Unadjusted,
WTSQ.SFA1CA,2006.09,3644.39,,F,Dollars,6,Wholesale Trade Survey - WTS,Industry by variable - (ANZSIC06) - Subannual Financial Collection,Basic material wholesaling,Sales (operating income),Current prices,Unadjusted,
WTSQ.SFA1CA,2006.12,3726.87,,F,Dollars,6,Wholesale Trade Survey - WTS,Industry by variable - (ANZSIC06) - Subannual Financial Collection,Basic material wholesaling,Sales (operating income),Current prices,Unadjusted,
WTSQ.SFA1CA,2007.03,3409.54,,F,Dollars,6,Wholesale Trade Survey - WTS,Industry by variable - (ANZSIC06) - Subannual Financial Collection,Basic material wholesaling,Sales (operating income),Current prices,Unadjusted,
WTSQ.SFA1CA,2007.06,3590.18,,F,Dollars,6,Wholesale Trade Survey - WTS,Industry by variable - (ANZSIC06) - Subannual Financial Collection,Basic material wholesaling,Sales (operating income),Current prices,Unadjusted,
WTSQ.SFA1CA,2007.09,3751.05,,F,Dollars,6,Wholesale Trade Survey - WTS,Industry by variable - (ANZSIC06) - Subannual Financial Collection,Basic material wholesaling,Sales (operating income),Current prices,Unadjusted,
WTSQ.SFA1CA,2007.12,4130.79,,F,Dollars,6,Wholesale Trade Survey - WTS,Industry by variable - (ANZSIC06) - Subannual Financial Collection,Basic material wholesaling,Sales (operating income),Current prices,Unadjusted,
WTSQ.SFA1CA,2008.03,3845.42,,F,Dollars,6,Wholesale Trade Survey - WTS,Industry by variable - (ANZSIC06) - Subannual Financial Collection,Basic material wholesaling,Sales (operating income),Current prices,Unadjusted,
WTSQ.SFA1CA,2008.06,4168.7,,F,Dollars,6,Wholesale Trade Survey - WTS,Industry by variable - (ANZSIC06) - Subannual Financial Collection,Basic material wholesaling,Sales (operating income),Current prices,Unadjusted,
WTSQ.SFA1CA,2008.09,4295.96,,F,Dollars,6,Wholesale Trade Survey - WTS,Industry by variable - (ANZSIC06) - Subannual Financial Collection,Basic material wholesaling,Sales (operating income),Current prices,Unadjusted,
WTSQ.SFA1CA,2008.12,4388.39,,F,Dollars,6,Wholesale Trade Survey - WTS,Industry by variable - (ANZSIC06) - Subannual Financial Collection,Basic material wholesaling,Sales (operating income),Current prices,Unadjusted,
WTSQ.SFA1CA,2009.03,3519.89,,F,Dollars,6,Wholesale Trade Survey - WTS,Industry by variable - (ANZSIC06) - Subannual Financial Collection,Basic material wholesaling,Sales (operating income),Current prices,Unadjusted,
WTSQ.SFA1CA,2009.06,3470.2,,F,Dollars,6,Wholesale Trade Survey - WTS,Industry by variable - (ANZSIC06) - Subannual Financial Collection,Basic material wholesaling,Sales (operating income),Current prices,Unadjusted,
WTSQ.SFA1CA,2009.09,3640.8,,F,Dollars,6,Wholesale Trade Survey - WTS,Industry by variable - (ANZSIC06) - Subannual Financial Collection,Basic material wholesaling,Sales (operating income),Current prices,Unadjusted,
WTSQ.SFA1CA,2009.12,3915.1,,F,Dollars,6,Wholesale Trade Survey - WTS,Industry by variable - (ANZSIC06) - Subannual Financial Collection,Basic material wholesaling,Sales (operating income),Current prices,Unadjusted,
WTSQ.SFA1CA,2010.03,3528.19,,F,Dollars,6,Wholesale Trade Survey - WTS,Industry by variable - (ANZSIC06) - Subannual Financial Collection,Basic material wholesaling,Sales (operating income),Current prices,Unadjusted,
WTSQ.SFA1CA,2010.06,3823.29,,F,Dollars,6,Wholesale Trade Survey - WTS,Industry by variable - (ANZSIC06) - Subannual Financial Collection,Basic material wholesaling,Sales (operating income),Current prices,Unadjusted,
WTSQ.SFA1CA,2010.09,4127.92,,F,Dollars,6,Wholesale Trade Survey - WTS,Industry by variable - (ANZSIC06) - Subannual Financial Collection,Basic material wholesaling,Sales (operating income),Current prices,Unadjusted,
WTSQ.SFA1CA,2010.12,4715.56,,F,Dollars,6,Wholesale Trade Survey - WTS,Industry by variable - (ANZSIC06) - Subannual Financial Collection,Basic material wholesaling,Sales (operating income),Current prices,Unadjusted,
WTSQ.SFA1CA,2011.03,4396.69,,F,Dollars,6,Wholesale Trade Survey - WTS,Industry by variable - (ANZSIC06) - Subannual Financial Collection,Basic material wholesaling,Sales (operating income),Current prices,Unadjusted,
WTSQ.SFA1CA,2011.06,4482.04,,F,Dollars,6,Wholesale Trade Survey - WTS,Industry by variable - (ANZSIC06) - Subannual Financial Collection,Basic material wholesaling,Sales (operating income),Current prices,Unadjusted,
WTSQ.SFA1CA,2011.09,4783.19,,F,Dollars,6,Wholesale Trade Survey - WTS,Industry by variable - (ANZSIC06) - Subannual Financial Collection,Basic material wholesaling,Sales (operating income),Current prices,Unadjusted,
WTSQ.SFA1CA,2011.12,5126.04,,F,Dollars,6,Wholesale Trade Survey - WTS,Industry by variable - (ANZSIC06) - Subannual Financial Collection,Basic material wholesaling,Sales (operating income),Current prices,Unadjusted,
WTSQ.SFA1CA,2012.03,4565.35,,F,Dollars,6,Wholesale Trade Survey - WTS,Industry by variable - (ANZSIC06) - Subannual Financial Collection,Basic material wholesaling,Sales (operating income),Current prices,Unadjusted,
WTSQ.SFA1CA,2012.06,4617.4,,F,Dollars,6,Wholesale Trade Survey - WTS,Industry by variable - (ANZSIC06) - Subannual Financial Collection,Basic material wholesaling,Sales (operating income),Current prices,Unadjusted,
WTSQ.SFA1CA,2012.09,4625.6,,F,Dollars,6,Wholesale Trade Survey - WTS,Industry by variable - (ANZSIC06) - Subannual Financial Collection,Basic material wholesaling,Sales (operating income),Current prices,Unadjusted,
WTSQ.SFA1CA,2012.12,5159.75,,F,Dollars,6,Wholesale Trade Survey - WTS,Industry by variable - (ANZSIC06) - Subannual Financial Collection,Basic material wholesaling,Sales (operating income),Current prices,Unadjusted,
WTSQ.SFA1CA,2013.03,4509.09,,F,Dollars,6,Wholesale Trade Survey - WTS,Industry by variable - (ANZSIC06) - Subannual Financial Collection,Basic material wholesaling,Sales (operating income),Current prices,Unadjusted,
WTSQ.SFA1CA,2013.06,4461.55,,F,Dollars,6,Wholesale Trade Survey - WTS,Industry by variable - (ANZSIC06) - Subannual Financial Collection,Basic material wholesaling,Sales (operating income),Current prices,Unadjusted,
WTSQ.SFA1CA,2013.09,4698.45,,F,Dollars,6,Wholesale Trade Survey - WTS,Industry by variable - (ANZSIC06) - Subannual Financial Collection,Basic material wholesaling,Sales (operating income),Current prices,Unadjusted,
WTSQ.SFA1CA,2013.12,5306.17,,F,Dollars,6,Wholesale Trade Survey - WTS,Industry by variable - (ANZSIC06) - Subannual Financial Collection,Basic material wholesaling,Sales (operating income),Current prices,Unadjusted,
WTSQ.SFA1CA,2014.03,4945.39,,F,Dollars,6,Wholesale Trade Survey - WTS,Industry by variable - (ANZSIC06) - Subannual Financial Collection,Basic material wholesaling,Sales (operating income),Current prices,Unadjusted,
WTSQ.SFA1CA,2014.06,4977.97,,F,Dollars,6,Wholesale Trade Survey - WTS,Industry by variable - (ANZSIC06) - Subannual Financial Collection,Basic material wholesaling,Sales (operating income),Current prices,Unadjusted,
WTSQ.SFA1CA,2014.09,5139.46,,F,Dollars,6,Wholesale Trade Survey - WTS,Industry by variable - (ANZSIC06) - Subannual Financial Collection,Basic material wholesaling,Sales (operating income),Current prices,Unadjusted,
WTSQ.SFA1CA,2014.12,5648.81,,F,Dollars,6,Wholesale Trade Survey - WTS,Industry by variable - (ANZSIC06) - Subannual Financial Collection,Basic material wholesaling,Sales (operating income),Current prices,Unadjusted,
WTSQ.SFA1CA,2015.03,4854.3,,F,Dollars,6,Wholesale Trade Survey - WTS,Industry by variable - (ANZSIC06) - Subannual Financial Collection,Basic material wholesaling,Sales (operating income),Current prices,Unadjusted,
WTSQ.SFA1CA,2015.06,4766.38,,F,Dollars,6,Wholesale Trade Survey - WTS,Industry by variable - (ANZSIC06) - Subannual Financial Collection,Basic material wholesaling,Sales (operating income),Current prices,Unadjusted,
WTSQ.SFA1CA,2015.09,5110.743,,F,Dollars,6,Wholesale Trade Survey - WTS,Industry by variable - (ANZSIC06) - Subannual Financial Collection,Basic material wholesaling,Sales (operating income),Current prices,Unadjusted,
WTSQ.SFA1CA,2015.12,5434.482,,F,Dollars,6,Wholesale Trade Survey - WTS,Industry by variable - (ANZSIC06) - Subannual Financial Collection,Basic material wholesaling,Sales (operating income),Current prices,Unadjusted,
WTSQ.SFA1CA,2016.03,4622.498,,F,Dollars,6,Wholesale Trade Survey - WTS,Industry by variable - (ANZSIC06) - Subannual Financial Collection,Basic material wholesaling,Sales (operating income),Current prices,Unadjusted,
WTSQ.SFA1CA,2016.06,4692.955,,F,Dollars,6,Wholesale Trade Survey - WTS,Industry by variable - (ANZSIC06) - Subannual Financial Collection,Basic material wholesaling,Sales (operating income),Current prices,Unadjusted,
WTSQ.SFA1CA,2016.09,5028.472,,F,Dollars,6,Wholesale Trade Survey - WTS,Industry by variable - (ANZSIC06) - Subannual Financial Collection,Basic material wholesaling,Sales (operating income),Current prices,Unadjusted,
WTSQ.SFA1CA,2016.12,5503.411,,F,Dollars,6,Wholesale Trade Survey - WTS,Industry by variable - (ANZSIC06) - Subannual Financial Collection,Basic material wholesaling,Sales (operating income),Current prices,Unadjusted,
WTSQ.SFA1CA,2017.03,4991.618,,F,Dollars,6,Wholesale Trade Survey - WTS,Industry by variable - (ANZSIC06) - Subannual Financial Collection,Basic material wholesaling,Sales (operating income),Current prices,Unadjusted,
WTSQ.SFA1CA,2017.06,5146.375,,F,Dollars,6,Wholesale Trade Survey - WTS,Industry by variable - (ANZSIC06) - Subannual Financial Collection,Basic material wholesaling,Sales (operating income),Current prices,Unadjusted,
WTSQ.SFA1CA,2017.09,5646.508,,F,Dollars,6,Wholesale Trade Survey - WTS,Industry by variable - (ANZSIC06) - Subannual Financial Collection,Basic material wholesaling,Sales (operating income),Current prices,Unadjusted,
WTSQ.SFA1CA,2017.12,6535.57,,F,Dollars,6,Wholesale Trade Survey - WTS,Industry by variable - (ANZSIC06) - Subannual Financial Collection,Basic material wholesaling,Sales (operating income),Current prices,Unadjusted,
WTSQ.SFA1CA,2018.03,5561.831,,F,Dollars,6,Wholesale Trade Survey - WTS,Industry by variable - (ANZSIC06) - Subannual Financial Collection,Basic material wholesaling,Sales (operating income),Current prices,Unadjusted,
WTSQ.SFA1CA,2018.06,5754.562,,F,Dollars,6,Wholesale Trade Survey - WTS,Industry by variable - (ANZSIC06) - Subannual Financial Collection,Basic material wholesaling,Sales (operating income),Current prices,Unadjusted,
WTSQ.SFA1CA,2018.09,6328.241,,F,Dollars,6,Wholesale Trade Survey - WTS,Industry by variable - (ANZSIC06) - Subannual Financial Collection,Basic material wholesaling,Sales (operating income),Current prices,Unadjusted,
WTSQ.SFA1CA,2018.12,6853.994,,F,Dollars,6,Wholesale Trade Survey - WTS,Industry by variable - (ANZSIC06) - Subannual Financial Collection,Basic material wholesaling,Sales (operating income),Current prices,Unadjusted,
WTSQ.SFA1CA,2019.03,5989.659,,F,Dollars,6,Wholesale Trade Survey - WTS,Industry by variable - (ANZSIC06) - Subannual Financial Collection,Basic material wholesaling,Sales (operating income),Current prices,Unadjusted,
WTSQ.SFA1CA,2019.06,6084.38,,F,Dollars,6,Wholesale Trade Survey - WTS,Industry by variable - (ANZSIC06) - Subannual Financial Collection,Basic material wholesaling,Sales (operating income),Current prices,Unadjusted,
WTSQ.SFA1CA,2019.09,6318.721,,F,Dollars,6,Wholesale Trade Survey - WTS,Industry by variable - (ANZSIC06) - Subannual Financial Collection,Basic material wholesaling,Sales (operating income),Current prices,Unadjusted,
WTSQ.SFA1CA,2019.12,6916.552,,F,Dollars,6,Wholesale Trade Survey - WTS,Industry by variable - (ANZSIC06) - Subannual Financial Collection,Basic material wholesaling,Sales (operating income),Current prices,Unadjusted,
WTSQ.SFA1CA,2020.03,5969.353,,F,Dollars,6,Wholesale Trade Survey - WTS,Industry by variable - (ANZSIC06) - Subannual Financial Collection,Basic material wholesaling,Sales (operating income),Current prices,Unadjusted,
WTSQ.SFA1CA,2020.06,5136.488,,F,Dollars,6,Wholesale Trade Survey - WTS,Industry by variable - (ANZSIC06) - Subannual Financial Collection,Basic material wholesaling,Sales (operating income),Current prices,Unadjusted,
WTSQ.SFA1CA,2020.09,6487.489,,F,Dollars,6,Wholesale Trade Survey - WTS,Industry by variable - (ANZSIC06) - Subannual Financial Collection,Basic material wholesaling,Sales (operating income),Current prices,Unadjusted,
WTSQ.SFA1CA,2020.12,7017.226,,F,Dollars,6,Wholesale Trade Survey - WTS,Industry by variable - (ANZSIC06) - Subannual Financial Collection,Basic material wholesaling,Sales (operating income),Current prices,Unadjusted,
WTSQ.SFA1CA,2021.03,6437.11,,F,Dollars,6,Wholesale Trade Survey - WTS,Industry by variable - (ANZSIC06) - Subannual Financial Collection,Basic material wholesaling,Sales (operating income),Current prices,Unadjusted,
WTSQ.SFA1CA,2021.06,6997.778,,F,Dollars,6,Wholesale Trade Survey - WTS,Industry by variable - (ANZSIC06) - Subannual Financial Collection,Basic material wholesaling,Sales (operating income),Current prices,Unadjusted,
WTSQ.SFA1CA,2021.09,7319.495,,F,Dollars,6,Wholesale Trade Survey - WTS,Industry by variable - (ANZSIC06) - Subannual Financial Collection,Basic material wholesaling,Sales (operating income),Current prices,Unadjusted,
WTSQ.SFA1CA,2021.12,9067.423,,F,Dollars,6,Wholesale Trade Survey - WTS,Industry by variable - (ANZSIC06) - Subannual Financial Collection,Basic material wholesaling,Sales (operating income),Current prices,Unadjusted,
WTSQ.SFA1CS,1995.03,2387.55,,R,Dollars,6,Wholesale Trade Survey - WTS,Industry by variable - (ANZSIC06) - Subannual Financial Collection,Basic material wholesaling,Sales (operating income),Current prices,Seasonally adjusted,
WTSQ.SFA1CS,1995.06,2159.985,,R,Dollars,6,Wholesale Trade Survey - WTS,Industry by variable - (ANZSIC06) - Subannual Financial Collection,Basic material wholesaling,Sales (operating income),Current prices,Seasonally adjusted,
WTSQ.SFA1CS,1995.09,2138.235,,R,Dollars,6,Wholesale Trade Survey - WTS,Industry by variable - (ANZSIC06) - Subannual Financial Collection,Basic material wholesaling,Sales (operating income),Current prices,Seasonally adjusted,
WTSQ.SFA1CS,1995.12,2139.998,,R,Dollars,6,Wholesale Trade Survey - WTS,Industry by variable - (ANZSIC06) - Subannual Financial Collection,Basic material wholesaling,Sales (operating income),Current prices,Seasonally adjusted,
WTSQ.SFA1CS,1996.03,2154.536,,R,Dollars,6,Wholesale Trade Survey - WTS,Industry by variable - (ANZSIC06) - Subannual Financial Collection,Basic material wholesaling,Sales (operating income),Current prices,Seasonally adjusted,
WTSQ.SFA1CS,1996.06,2094.048,,R,Dollars,6,Wholesale Trade Survey - WTS,Industry by variable - (ANZSIC06) - Subannual Financial Collection,Basic material wholesaling,Sales (operating income),Current prices,Seasonally adjusted,
WTSQ.SFA1CS,1996.09,2094.004,,R,Dollars,6,Wholesale Trade Survey - WTS,Industry by variable - (ANZSIC06) - Subannual Financial Collection,Basic material wholesaling,Sales (operating income),Current prices,Seasonally adjusted,
WTSQ.SFA1CS,1996.12,2125.134,,R,Dollars,6,Wholesale Trade Survey - WTS,Industry by variable - (ANZSIC06) - Subannual Financial Collection,Basic material wholesaling,Sales (operating income),Current prices,Seasonally adjusted,
WTSQ.SFA1CS,1997.03,2020.123,,R,Dollars,6,Wholesale Trade Survey - WTS,Industry by variable - (ANZSIC06) - Subannual Financial Collection,Basic material wholesaling,Sales (operating income),Current prices,Seasonally adjusted,
WTSQ.SFA1CS,1997.06,2072.536,,R,Dollars,6,Wholesale Trade Survey - WTS,Industry by variable - (ANZSIC06) - Subannual Financial Collection,Basic material wholesaling,Sales (operating income),Current prices,Seasonally adjusted,
WTSQ.SFA1CS,1997.09,2069.848,,R,Dollars,6,Wholesale Trade Survey - WTS,Industry by variable - (ANZSIC06) - Subannual Financial Collection,Basic material wholesaling,Sales (operating income),Current prices,Seasonally adjusted,
WTSQ.SFA1CS,1997.12,2065.864,,R,Dollars,6,Wholesale Trade Survey - WTS,Industry by variable - (ANZSIC06) - Subannual Financial Collection,Basic material wholesaling,Sales (operating income),Current prices,Seasonally adjusted,
WTSQ.SFA1CS,1998.03,2117.186,,R,Dollars,6,Wholesale Trade Survey - WTS,Industry by variable - (ANZSIC06) - Subannual Financial Collection,Basic material wholesaling,Sales (operating income),Current prices,Seasonally adjusted,
WTSQ.SFA1CS,1998.06,2112.592,,R,Dollars,6,Wholesale Trade Survey - WTS,Industry by variable - (ANZSIC06) - Subannual Financial Collection,Basic material wholesaling,Sales (operating income),Current prices,Seasonally adjusted,
WTSQ.SFA1CS,1998.09,1996.679,,R,Dollars,6,Wholesale Trade Survey - WTS,Industry by variable - (ANZSIC06) - Subannual Financial Collection,Basic material wholesaling,Sales (operating income),Current prices,Seasonally adjusted,
WTSQ.SFA1CS,1998.12,2051.059,,R,Dollars,6,Wholesale Trade Survey - WTS,Industry by variable - (ANZSIC06) - Subannual Financial Collection,Basic material wholesaling,Sales (operating income),Current prices,Seasonally adjusted,
WTSQ.SFA1CS,1999.03,2084.846,,R,Dollars,6,Wholesale Trade Survey - WTS,Industry by variable - (ANZSIC06) - Subannual Financial Collection,Basic material wholesaling,Sales (operating income),Current prices,Seasonally adjusted,
WTSQ.SFA1CS,1999.06,2115.605,,R,Dollars,6,Wholesale Trade Survey - WTS,Industry by variable - (ANZSIC06) - Subannual Financial Collection,Basic material wholesaling,Sales (operating income),Current prices,Seasonally adjusted,
WTSQ.SFA1CS,1999.09,2239.527,,R,Dollars,6,Wholesale Trade Survey - WTS,Industry by variable - (ANZSIC06) - Subannual Financial Collection,Basic material wholesaling,Sales (operating income),Current prices,Seasonally adjusted,
WTSQ.SFA1CS,1999.12,2160.369,,R,Dollars,6,Wholesale Trade Survey - WTS,Industry by variable - (ANZSIC06) - Subannual Financial Collection,Basic material wholesaling,Sales (operating income),Current prices,Seasonally adjusted,
WTSQ.SFA1CS,2000.03,2280.618,,R,Dollars,6,Wholesale Trade Survey - WTS,Industry by variable - (ANZSIC06) - Subannual Financial Collection,Basic material wholesaling,Sales (operating income),Current prices,Seasonally adjusted,
WTSQ.SFA1CS,2000.06,2309.472,,R,Dollars,6,Wholesale Trade Survey - WTS,Industry by variable - (ANZSIC06) - Subannual Financial Collection,Basic material wholesaling,Sales (operating income),Current prices,Seasonally adjusted,
WTSQ.SFA1CS,2000.09,2350.883,,R,Dollars,6,Wholesale Trade Survey - WTS,Industry by variable - (ANZSIC06) - Subannual Financial Collection,Basic material wholesaling,Sales (operating income),Current prices,Seasonally adjusted,
WTSQ.SFA1CS,2000.12,2586.001,,R,Dollars,6,Wholesale Trade Survey - WTS,Industry by variable - (ANZSIC06) - Subannual Financial Collection,Basic material wholesaling,Sales (operating income),Current prices,Seasonally adjusted,
WTSQ.SFA1CS,2001.03,2529.395,,R,Dollars,6,Wholesale Trade Survey - WTS,Industry by variable - (ANZSIC06) - Subannual Financial Collection,Basic material wholesaling,Sales (operating income),Current prices,Seasonally adjusted,
WTSQ.SFA1CS,2001.06,2686.235,,R,Dollars,6,Wholesale Trade Survey - WTS,Industry by variable - (ANZSIC06) - Subannual Financial Collection,Basic material wholesaling,Sales (operating income),Current prices,Seasonally adjusted,
WTSQ.SFA1CS,2001.09,2683.007,,R,Dollars,6,Wholesale Trade Survey - WTS,Industry by variable - (ANZSIC06) - Subannual Financial Collection,Basic material wholesaling,Sales (operating income),Current prices,Seasonally adjusted,
WTSQ.SFA1CS,2001.12,2603.548,,R,Dollars,6,Wholesale Trade Survey - WTS,Industry by variable - (ANZSIC06) - Subannual Financial Collection,Basic material wholesaling,Sales (operating income),Current prices,Seasonally adjusted,
WTSQ.SFA1CS,2002.03,2754.323,,R,Dollars,6,Wholesale Trade Survey - WTS,Industry by variable - (ANZSIC06) - Subannual Financial Collection,Basic material wholesaling,Sales (operating income),Current prices,Seasonally adjusted,
WTSQ.SFA1CS,2002.06,2706.52,,R,Dollars,6,Wholesale Trade Survey - WTS,Industry by variable - (ANZSIC06) - Subannual Financial Collection,Basic material wholesaling,Sales (operating income),Current prices,Seasonally adjusted,
WTSQ.SFA1CS,2002.09,2742.406,,R,Dollars,6,Wholesale Trade Survey - WTS,Industry by variable - (ANZSIC06) - Subannual Financial Collection,Basic material wholesaling,Sales (operating income),Current prices,Seasonally adjusted,
WTSQ.SFA1CS,2002.12,2687.084,,R,Dollars,6,Wholesale Trade Survey - WTS,Industry by variable - (ANZSIC06) - Subannual Financial Collection,Basic material wholesaling,Sales (operating income),Current prices,Seasonally adjusted,
WTSQ.SFA1CS,2003.03,2656.32,,R,Dollars,6,Wholesale Trade Survey - WTS,Industry by variable - (ANZSIC06) - Subannual Financial Collection,Basic material wholesaling,Sales (operating income),Current prices,Seasonally adjusted,
WTSQ.SFA1CS,2003.06,2577.876,,R,Dollars,6,Wholesale Trade Survey - WTS,Industry by variable - (ANZSIC06) - Subannual Financial Collection,Basic material wholesaling,Sales (operating income),Current prices,Seasonally adjusted,
WTSQ.SFA1CS,2003.09,2577.697,,R,Dollars,6,Wholesale Trade Survey - WTS,Industry by variable - (ANZSIC06) - Subannual Financial Collection,Basic material wholesaling,Sales (operating income),Current prices,Seasonally adjusted,
WTSQ.SFA1CS,2003.12,2671.831,,R,Dollars,6,Wholesale Trade Survey - WTS,Industry by variable - (ANZSIC06) - Subannual Financial Collection,Basic material wholesaling,Sales (operating income),Current prices,Seasonally adjusted,
WTSQ.SFA1CS,2004.03,2679.024,,R,Dollars,6,Wholesale Trade Survey - WTS,Industry by variable - (ANZSIC06) - Subannual Financial Collection,Basic material wholesaling,Sales (operating income),Current prices,Seasonally adjusted,
WTSQ.SFA1CS,2004.06,2861.124,,R,Dollars,6,Wholesale Trade Survey - WTS,Industry by variable - (ANZSIC06) - Subannual Financial Collection,Basic material wholesaling,Sales (operating income),Current prices,Seasonally adjusted,
WTSQ.SFA1CS,2004.09,2933.552,,R,Dollars,6,Wholesale Trade Survey - WTS,Industry by variable - (ANZSIC06) - Subannual Financial Collection,Basic material wholesaling,Sales (operating income),Current prices,Seasonally adjusted,
WTSQ.SFA1CS,2004.12,2972.054,,R,Dollars,6,Wholesale Trade Survey - WTS,Industry by variable - (ANZSIC06) - Subannual Financial Collection,Basic material wholesaling,Sales (operating income),Current prices,Seasonally adjusted,
WTSQ.SFA1CS,2005.03,3015.921,,R,Dollars,6,Wholesale Trade Survey - WTS,Industry by variable - (ANZSIC06) - Subannual Financial Collection,Basic material wholesaling,Sales (operating income),Current prices,Seasonally adjusted,
WTSQ.SFA1CS,2005.06,3166.191,,R,Dollars,6,Wholesale Trade Survey - WTS,Industry by variable - (ANZSIC06) - Subannual Financial Collection,Basic material wholesaling,Sales (operating income),Current prices,Seasonally adjusted,
WTSQ.SFA1CS,2005.09,3171.095,,R,Dollars,6,Wholesale Trade Survey - WTS,Industry by variable - (ANZSIC06) - Subannual Financial Collection,Basic material wholesaling,Sales (operating income),Current prices,Seasonally adjusted,
WTSQ.SFA1CS,2005.12,3190.717,,R,Dollars,6,Wholesale Trade Survey - WTS,Industry by variable - (ANZSIC06) - Subannual Financial Collection,Basic material wholesaling,Sales (operating income),Current prices,Seasonally adjusted,
WTSQ.SFA1CS,2006.03,3336.623,,R,Dollars,6,Wholesale Trade Survey - WTS,Industry by variable - (ANZSIC06) - Subannual Financial Collection,Basic material wholesaling,Sales (operating income),Current prices,Seasonally adjusted,
WTSQ.SFA1CS,2006.06,3365.81,,R,Dollars,6,Wholesale Trade Survey - WTS,Industry by variable - (ANZSIC06) - Subannual Financial Collection,Basic material wholesaling,Sales (operating income),Current prices,Seasonally adjusted,
WTSQ.SFA1CS,2006.09,3614.913,,R,Dollars,6,Wholesale Trade Survey - WTS,Industry by variable - (ANZSIC06) - Subannual Financial Collection,Basic material wholesaling,Sales (operating income),Current prices,Seasonally adjusted,
WTSQ.SFA1CS,2006.12,3517.343,,R,Dollars,6,Wholesale Trade Survey - WTS,Industry by variable - (ANZSIC06) - Subannual Financial Collection,Basic material wholesaling,Sales (operating income),Current prices,Seasonally adjusted,
WTSQ.SFA1CS,2007.03,3605.296,,R,Dollars,6,Wholesale Trade Survey - WTS,Industry by variable - (ANZSIC06) - Subannual Financial Collection,Basic material wholesaling,Sales (operating income),Current prices,Seasonally adjusted,
WTSQ.SFA1CS,2007.06,3650.914,,R,Dollars,6,Wholesale Trade Survey - WTS,Industry by variable - (ANZSIC06) - Subannual Financial Collection,Basic material wholesaling,Sales (operating income),Current prices,Seasonally adjusted,
WTSQ.SFA1CS,2007.09,3716.534,,R,Dollars,6,Wholesale Trade Survey - WTS,Industry by variable - (ANZSIC06) - Subannual Financial Collection,Basic material wholesaling,Sales (operating income),Current prices,Seasonally adjusted,
WTSQ.SFA1CS,2007.12,3881.089,,R,Dollars,6,Wholesale Trade Survey - WTS,Industry by variable - (ANZSIC06) - Subannual Financial Collection,Basic material wholesaling,Sales (operating income),Current prices,Seasonally adjusted,
WTSQ.SFA1CS,2008.03,4064.637,,R,Dollars,6,Wholesale Trade Survey - WTS,Industry by variable - (ANZSIC06) - Subannual Financial Collection,Basic material wholesaling,Sales (operating income),Current prices,Seasonally adjusted,
WTSQ.SFA1CS,2008.06,4265.047,,R,Dollars,6,Wholesale Trade Survey - WTS,Industry by variable - (ANZSIC06) - Subannual Financial Collection,Basic material wholesaling,Sales (operating income),Current prices,Seasonally adjusted,
WTSQ.SFA1CS,2008.09,4257.837,,R,Dollars,6,Wholesale Trade Survey - WTS,Industry by variable - (ANZSIC06) - Subannual Financial Collection,Basic material wholesaling,Sales (operating income),Current prices,Seasonally adjusted,
WTSQ.SFA1CS,2008.12,4101.906,,R,Dollars,6,Wholesale Trade Survey - WTS,Industry by variable - (ANZSIC06) - Subannual Financial Collection,Basic material wholesaling,Sales (operating income),Current prices,Seasonally adjusted,
WTSQ.SFA1CS,2009.03,3717.216,,R,Dollars,6,Wholesale Trade Survey - WTS,Industry by variable - (ANZSIC06) - Subannual Financial Collection,Basic material wholesaling,Sales (operating income),Current prices,Seasonally adjusted,
WTSQ.SFA1CS,2009.06,3567.957,,R,Dollars,6,Wholesale Trade Survey - WTS,Industry by variable - (ANZSIC06) - Subannual Financial Collection,Basic material wholesaling,Sales (operating income),Current prices,Seasonally adjusted,
WTSQ.SFA1CS,2009.09,3616.138,,R,Dollars,6,Wholesale Trade Survey - WTS,Industry by variable - (ANZSIC06) - Subannual Financial Collection,Basic material wholesaling,Sales (operating income),Current prices,Seasonally adjusted,
WTSQ.SFA1CS,2009.12,3641.682,,R,Dollars,6,Wholesale Trade Survey - WTS,Industry by variable - (ANZSIC06) - Subannual Financial Collection,Basic material wholesaling,Sales (operating income),Current prices,Seasonally adjusted,
WTSQ.SFA1CS,2010.03,3717.37,,R,Dollars,6,Wholesale Trade Survey - WTS,Industry by variable - (ANZSIC06) - Subannual Financial Collection,Basic material wholesaling,Sales (operating income),Current prices,Seasonally adjusted,
WTSQ.SFA1CS,2010.06,3949.436,,R,Dollars,6,Wholesale Trade Survey - WTS,Industry by variable - (ANZSIC06) - Subannual Financial Collection,Basic material wholesaling,Sales (operating income),Current prices,Seasonally adjusted,
WTSQ.SFA1CS,2010.09,4110.208,,R,Dollars,6,Wholesale Trade Survey - WTS,Industry by variable - (ANZSIC06) - Subannual Financial Collection,Basic material wholesaling,Sales (operating income),Current prices,Seasonally adjusted,
WTSQ.SFA1CS,2010.12,4373.268,,R,Dollars,6,Wholesale Trade Survey - WTS,Industry by variable - (ANZSIC06) - Subannual Financial Collection,Basic material wholesaling,Sales (operating income),Current prices,Seasonally adjusted,
WTSQ.SFA1CS,2011.03,4613.712,,R,Dollars,6,Wholesale Trade Survey - WTS,Industry by variable - (ANZSIC06) - Subannual Financial Collection,Basic material wholesaling,Sales (operating income),Current prices,Seasonally adjusted,
WTSQ.SFA1CS,2011.06,4646.674,,R,Dollars,6,Wholesale Trade Survey - WTS,Industry by variable - (ANZSIC06) - Subannual Financial Collection,Basic material wholesaling,Sales (operating income),Current prices,Seasonally adjusted,
WTSQ.SFA1CS,2011.09,4779.89,,R,Dollars,6,Wholesale Trade Survey - WTS,Industry by variable - (ANZSIC06) - Subannual Financial Collection,Basic material wholesaling,Sales (operating income),Current prices,Seasonally adjusted,
WTSQ.SFA1CS,2011.12,4740.695,,R,Dollars,6,Wholesale Trade Survey - WTS,Industry by variable - (ANZSIC06) - Subannual Financial Collection,Basic material wholesaling,Sales (operating income),Current prices,Seasonally adjusted,
WTSQ.SFA1CS,2012.03,4769.868,,R,Dollars,6,Wholesale Trade Survey - WTS,Industry by variable - (ANZSIC06) - Subannual Financial Collection,Basic material wholesaling,Sales (operating income),Current prices,Seasonally adjusted,
WTSQ.SFA1CS,2012.06,4808.85,,R,Dollars,6,Wholesale Trade Survey - WTS,Industry by variable - (ANZSIC06) - Subannual Financial Collection,Basic material wholesaling,Sales (operating income),Current prices,Seasonally adjusted,
WTSQ.SFA1CS,2012.09,4629.939,,R,Dollars,6,Wholesale Trade Survey - WTS,Industry by variable - (ANZSIC06) - Subannual Financial Collection,Basic material wholesaling,Sales (operating income),Current prices,Seasonally adjusted,
WTSQ.SFA1CS,2012.12,4760.134,,R,Dollars,6,Wholesale Trade Survey - WTS,Industry by variable - (ANZSIC06) - Subannual Financial Collection,Basic material wholesaling,Sales (operating income),Current prices,Seasonally adjusted,
WTSQ.SFA1CS,2013.03,4703.324,,R,Dollars,6,Wholesale Trade Survey - WTS,Industry by variable - (ANZSIC06) - Subannual Financial Collection,Basic material wholesaling,Sales (operating income),Current prices,Seasonally adjusted,
WTSQ.SFA1CS,2013.06,4660.514,,R,Dollars,6,Wholesale Trade Survey - WTS,Industry by variable - (ANZSIC06) - Subannual Financial Collection,Basic material wholesaling,Sales (operating income),Current prices,Seasonally adjusted,
WTSQ.SFA1CS,2013.09,4705.185,,R,Dollars,6,Wholesale Trade Survey - WTS,Industry by variable - (ANZSIC06) - Subannual Financial Collection,Basic material wholesaling,Sales (operating income),Current prices,Seasonally adjusted,
WTSQ.SFA1CS,2013.12,4880.936,,R,Dollars,6,Wholesale Trade Survey - WTS,Industry by variable - (ANZSIC06) - Subannual Financial Collection,Basic material wholesaling,Sales (operating income),Current prices,Seasonally adjusted,
WTSQ.SFA1CS,2014.03,5162.395,,R,Dollars,6,Wholesale Trade Survey - WTS,Industry by variable - (ANZSIC06) - Subannual Financial Collection,Basic material wholesaling,Sales (operating income),Current prices,Seasonally adjusted,
WTSQ.SFA1CS,2014.06,5218.298,,R,Dollars,6,Wholesale Trade Survey - WTS,Industry by variable - (ANZSIC06) - Subannual Financial Collection,Basic material wholesaling,Sales (operating income),Current prices,Seasonally adjusted,
WTSQ.SFA1CS,2014.09,5134.336,,R,Dollars,6,Wholesale Trade Survey - WTS,Industry by variable - (ANZSIC06) - Subannual Financial Collection,Basic material wholesaling,Sales (operating income),Current prices,Seasonally adjusted,
WTSQ.SFA1CS,2014.12,5184.459,,R,Dollars,6,Wholesale Trade Survey - WTS,Industry by variable - (ANZSIC06) - Subannual Financial Collection,Basic material wholesaling,Sales (operating income),Current prices,Seasonally adjusted,
WTSQ.SFA1CS,2015.03,5083.367,,R,Dollars,6,Wholesale Trade Survey - WTS,Industry by variable - (ANZSIC06) - Subannual Financial Collection,Basic material wholesaling,Sales (operating income),Current prices,Seasonally adjusted,
WTSQ.SFA1CS,2015.06,5005.275,,R,Dollars,6,Wholesale Trade Survey - WTS,Industry by variable - (ANZSIC06) - Subannual Financial Collection,Basic material wholesaling,Sales (operating income),Current prices,Seasonally adjusted,
WTSQ.SFA1CS,2015.09,5090.477,,R,Dollars,6,Wholesale Trade Survey - WTS,Industry by variable - (ANZSIC06) - Subannual Financial Collection,Basic material wholesaling,Sales (operating income),Current prices,Seasonally adjusted,
WTSQ.SFA1CS,2015.12,4980.526,,R,Dollars,6,Wholesale Trade Survey - WTS,Industry by variable - (ANZSIC06) - Subannual Financial Collection,Basic material wholesaling,Sales (operating income),Current prices,Seasonally adjusted,
WTSQ.SFA1CS,2016.03,4857.295,,R,Dollars,6,Wholesale Trade Survey - WTS,Industry by variable - (ANZSIC06) - Subannual Financial Collection,Basic material wholesaling,Sales (operating income),Current prices,Seasonally adjusted,
WTSQ.SFA1CS,2016.06,4934.066,,R,Dollars,6,Wholesale Trade Survey - WTS,Industry by variable - (ANZSIC06) - Subannual Financial Collection,Basic material wholesaling,Sales (operating income),Current prices,Seasonally adjusted,
WTSQ.SFA1CS,2016.09,4991.586,,R,Dollars,6,Wholesale Trade Survey - WTS,Industry by variable - (ANZSIC06) - Subannual Financial Collection,Basic material wholesaling,Sales (operating income),Current prices,Seasonally adjusted,
WTSQ.SFA1CS,2016.12,5041.308,,R,Dollars,6,Wholesale Trade Survey - WTS,Industry by variable - (ANZSIC06) - Subannual Financial Collection,Basic material wholesaling,Sales (operating income),Current prices,Seasonally adjusted,
WTSQ.SFA1CS,2017.03,5266.125,,R,Dollars,6,Wholesale Trade Survey - WTS,Industry by variable - (ANZSIC06) - Subannual Financial Collection,Basic material wholesaling,Sales (operating income),Current prices,Seasonally adjusted,
WTSQ.SFA1CS,2017.06,5402.084,,R,Dollars,6,Wholesale Trade Survey - WTS,Industry by variable - (ANZSIC06) - Subannual Financial Collection,Basic material wholesaling,Sales (operating income),Current prices,Seasonally adjusted,
WTSQ.SFA1CS,2017.09,5594.187,,R,Dollars,6,Wholesale Trade Survey - WTS,Industry by variable - (ANZSIC06) - Subannual Financial Collection,Basic material wholesaling,Sales (operating income),Current prices,Seasonally adjusted,
WTSQ.SFA1CS,2017.12,5994.191,,R,Dollars,6,Wholesale Trade Survey - WTS,Industry by variable - (ANZSIC06) - Subannual Financial Collection,Basic material wholesaling,Sales (operating income),Current prices,Seasonally adjusted,
WTSQ.SFA1CS,2018.03,5881.255,,R,Dollars,6,Wholesale Trade Survey - WTS,Industry by variable - (ANZSIC06) - Subannual Financial Collection,Basic material wholesaling,Sales (operating income),Current prices,Seasonally adjusted,
WTSQ.SFA1CS,2018.06,6020.198,,R,Dollars,6,Wholesale Trade Survey - WTS,Industry by variable - (ANZSIC06) - Subannual Financial Collection,Basic material wholesaling,Sales (operating income),Current prices,Seasonally adjusted,
WTSQ.SFA1CS,2018.09,6270.692,,R,Dollars,6,Wholesale Trade Survey - WTS,Industry by variable - (ANZSIC06) - Subannual Financial Collection,Basic material wholesaling,Sales (operating income),Current prices,Seasonally adjusted,
WTSQ.SFA1CS,2018.12,6296.914,,R,Dollars,6,Wholesale Trade Survey - WTS,Industry by variable - (ANZSIC06) - Subannual Financial Collection,Basic material wholesaling,Sales (operating income),Current prices,Seasonally adjusted,
WTSQ.SFA1CS,2019.03,6341.421,,R,Dollars,6,Wholesale Trade Survey - WTS,Industry by variable - (ANZSIC06) - Subannual Financial Collection,Basic material wholesaling,Sales (operating income),Current prices,Seasonally adjusted,
WTSQ.SFA1CS,2019.06,6337.687,,R,Dollars,6,Wholesale Trade Survey - WTS,Industry by variable - (ANZSIC06) - Subannual Financial Collection,Basic material wholesaling,Sales (operating income),Current prices,Seasonally adjusted,
WTSQ.SFA1CS,2019.09,6268.309,,R,Dollars,6,Wholesale Trade Survey - WTS,Industry by variable - (ANZSIC06) - Subannual Financial Collection,Basic material wholesaling,Sales (operating income),Current prices,Seasonally adjusted,
WTSQ.SFA1CS,2019.12,6370.152,,R,Dollars,6,Wholesale Trade Survey - WTS,Industry by variable - (ANZSIC06) - Subannual Financial Collection,Basic material wholesaling,Sales (operating income),Current prices,Seasonally adjusted,
WTSQ.SFA1CS,2020.03,6319.343,,R,Dollars,6,Wholesale Trade Survey - WTS,Industry by variable - (ANZSIC06) - Subannual Financial Collection,Basic material wholesaling,Sales (operating income),Current prices,Seasonally adjusted,
WTSQ.SFA1CS,2020.06,5329.002,,R,Dollars,6,Wholesale Trade Survey - WTS,Industry by variable - (ANZSIC06) - Subannual Financial Collection,Basic material wholesaling,Sales (operating income),Current prices,Seasonally adjusted,
WTSQ.SFA1CS,2020.09,6446.807,,R,Dollars,6,Wholesale Trade Survey - WTS,Industry by variable - (ANZSIC06) - Subannual Financial Collection,Basic material wholesaling,Sales (operating income),Current prices,Seasonally adjusted,
WTSQ.SFA1CS,2020.12,6473.267,,R,Dollars,6,Wholesale Trade Survey - WTS,Industry by variable - (ANZSIC06) - Subannual Financial Collection,Basic material wholesaling,Sales (operating income),Current prices,Seasonally adjusted,
WTSQ.SFA1CS,2021.03,6815.447,,R,Dollars,6,Wholesale Trade Survey - WTS,Industry by variable - (ANZSIC06) - Subannual Financial Collection,Basic material wholesaling,Sales (operating income),Current prices,Seasonally adjusted,
WTSQ.SFA1CS,2021.06,7237.528,,R,Dollars,6,Wholesale Trade Survey - WTS,Industry by variable - (ANZSIC06) - Subannual Financial Collection,Basic material wholesaling,Sales (operating income),Current prices,Seasonally adjusted,
WTSQ.SFA1CS,2021.09,7279.779,,R,Dollars,6,Wholesale Trade Survey - WTS,Industry by variable - (ANZSIC06) - Subannual Financial Collection,Basic material wholesaling,Sales (operating income),Current prices,Seasonally adjusted,
WTSQ.SFA1CS,2021.12,8380.079,,F,Dollars,6,Wholesale Trade Survey - WTS,Industry by variable - (ANZSIC06) - Subannual Financial Collection,Basic material wholesaling,Sales (operating income),Current prices,Seasonally adjusted,
WTSQ.SFA1CT,1995.03,2349.769,,R,Dollars,6,Wholesale Trade Survey - WTS,Industry by variable - (ANZSIC06) - Subannual Financial Collection,Basic material wholesaling,Sales (operating income),Current prices,Trend,
WTSQ.SFA1CT,1995.06,2204.458,,R,Dollars,6,Wholesale Trade Survey - WTS,Industry by variable - (ANZSIC06) - Subannual Financial Collection,Basic material wholesaling,Sales (operating income),Current prices,Trend,
WTSQ.SFA1CT,1995.09,2125.637,,R,Dollars,6,Wholesale Trade Survey - WTS,Industry by variable - (ANZSIC06) - Subannual Financial Collection,Basic material wholesaling,Sales (operating income),Current prices,Trend,
WTSQ.SFA1CT,1995.12,2145.656,,R,Dollars,6,Wholesale Trade Survey - WTS,Industry by variable - (ANZSIC06) - Subannual Financial Collection,Basic material wholesaling,Sales (operating income),Current prices,Trend,
WTSQ.SFA1CT,1996.03,2138.142,,R,Dollars,6,Wholesale Trade Survey - WTS,Industry by variable - (ANZSIC06) - Subannual Financial Collection,Basic material wholesaling,Sales (operating income),Current prices,Trend,
WTSQ.SFA1CT,1996.06,2106.144,,R,Dollars,6,Wholesale Trade Survey - WTS,Industry by variable - (ANZSIC06) - Subannual Financial Collection,Basic material wholesaling,Sales (operating income),Current prices,Trend,
WTSQ.SFA1CT,1996.09,2104.14,,R,Dollars,6,Wholesale Trade Survey - WTS,Industry by variable - (ANZSIC06) - Subannual Financial Collection,Basic material wholesaling,Sales (operating income),Current prices,Trend,
WTSQ.SFA1CT,1996.12,2091.293,,R,Dollars,6,Wholesale Trade Survey - WTS,Industry by variable - (ANZSIC06) - Subannual Financial Collection,Basic material wholesaling,Sales (operating income),Current prices,Trend,
WTSQ.SFA1CT,1997.03,2057.284,,R,Dollars,6,Wholesale Trade Survey - WTS,Industry by variable - (ANZSIC06) - Subannual Financial Collection,Basic material wholesaling,Sales (operating income),Current prices,Trend,
WTSQ.SFA1CT,1997.06,2052.981,,R,Dollars,6,Wholesale Trade Survey - WTS,Industry by variable - (ANZSIC06) - Subannual Financial Collection,Basic material wholesaling,Sales (operating income),Current prices,Trend,
WTSQ.SFA1CT,1997.09,2069.643,,R,Dollars,6,Wholesale Trade Survey - WTS,Industry by variable - (ANZSIC06) - Subannual Financial Collection,Basic material wholesaling,Sales (operating income),Current prices,Trend,
WTSQ.SFA1CT,1997.12,2078.187,,R,Dollars,6,Wholesale Trade Survey - WTS,Industry by variable - (ANZSIC06) - Subannual Financial Collection,Basic material wholesaling,Sales (operating income),Current prices,Trend,
WTSQ.SFA1CT,1998.03,2113.087,,R,Dollars,6,Wholesale Trade Survey - WTS,Industry by variable - (ANZSIC06) - Subannual Financial Collection,Basic material wholesaling,Sales (operating income),Current prices,Trend,
WTSQ.SFA1CT,1998.06,2087.846,,R,Dollars,6,Wholesale Trade Survey - WTS,Industry by variable - (ANZSIC06) - Subannual Financial Collection,Basic material wholesaling,Sales (operating income),Current prices,Trend,
WTSQ.SFA1CT,1998.09,2031.373,,R,Dollars,6,Wholesale Trade Survey - WTS,Industry by variable - (ANZSIC06) - Subannual Financial Collection,Basic material wholesaling,Sales (operating income),Current prices,Trend,
WTSQ.SFA1CT,1998.12,2035.754,,R,Dollars,6,Wholesale Trade Survey - WTS,Industry by variable - (ANZSIC06) - Subannual Financial Collection,Basic material wholesaling,Sales (operating income),Current prices,Trend,
WTSQ.SFA1CT,1999.03,2079.073,,R,Dollars,6,Wholesale Trade Survey - WTS,Industry by variable - (ANZSIC06) - Subannual Financial Collection,Basic material wholesaling,Sales (operating income),Current prices,Trend,
WTSQ.SFA1CT,1999.06,2144.42,,R,Dollars,6,Wholesale Trade Survey - WTS,Industry by variable - (ANZSIC06) - Subannual Financial Collection,Basic material wholesaling,Sales (operating income),Current prices,Trend,
WTSQ.SFA1CT,1999.09,2188.222,,R,Dollars,6,Wholesale Trade Survey - WTS,Industry by variable - (ANZSIC06) - Subannual Financial Collection,Basic material wholesaling,Sales (operating income),Current prices,Trend,
WTSQ.SFA1CT,1999.12,2211.275,,R,Dollars,6,Wholesale Trade Survey - WTS,Industry by variable - (ANZSIC06) - Subannual Financial Collection,Basic material wholesaling,Sales (operating income),Current prices,Trend,
WTSQ.SFA1CT,2000.03,2251.633,,R,Dollars,6,Wholesale Trade Survey - WTS,Industry by variable - (ANZSIC06) - Subannual Financial Collection,Basic material wholesaling,Sales (operating income),Current prices,Trend,
WTSQ.SFA1CT,2000.06,2303.803,,R,Dollars,6,Wholesale Trade Survey - WTS,Industry by variable - (ANZSIC06) - Subannual Financial Collection,Basic material wholesaling,Sales (operating income),Current prices,Trend,
WTSQ.SFA1CT,2000.09,2399.827,,R,Dollars,6,Wholesale Trade Survey - WTS,Industry by variable - (ANZSIC06) - Subannual Financial Collection,Basic material wholesaling,Sales (operating income),Current prices,Trend,
WTSQ.SFA1CT,2000.12,2513.264,,R,Dollars,6,Wholesale Trade Survey - WTS,Industry by variable - (ANZSIC06) - Subannual Financial Collection,Basic material wholesaling,Sales (operating income),Current prices,Trend,
WTSQ.SFA1CT,2001.03,2593.913,,R,Dollars,6,Wholesale Trade Survey - WTS,Industry by variable - (ANZSIC06) - Subannual Financial Collection,Basic material wholesaling,Sales (operating income),Current prices,Trend,
WTSQ.SFA1CT,2001.06,2652.653,,R,Dollars,6,Wholesale Trade Survey - WTS,Industry by variable - (ANZSIC06) - Subannual Financial Collection,Basic material wholesaling,Sales (operating income),Current prices,Trend,
WTSQ.SFA1CT,2001.09,2666.66,,R,Dollars,6,Wholesale Trade Survey - WTS,Industry by variable - (ANZSIC06) - Subannual Financial Collection,Basic material wholesaling,Sales (operating income),Current prices,Trend,
WTSQ.SFA1CT,2001.12,2657.537,,R,Dollars,6,Wholesale Trade Survey - WTS,Industry by variable - (ANZSIC06) - Subannual Financial Collection,Basic material wholesaling,Sales (operating income),Current prices,Trend,
WTSQ.SFA1CT,2002.03,2702.111,,R,Dollars,6,Wholesale Trade Survey - WTS,Industry by variable - (ANZSIC06) - Subannual Financial Collection,Basic material wholesaling,Sales (operating income),Current prices,Trend,
WTSQ.SFA1CT,2002.06,2740.088,,R,Dollars,6,Wholesale Trade Survey - WTS,Industry by variable - (ANZSIC06) - Subannual Financial Collection,Basic material wholesaling,Sales (operating income),Current prices,Trend,
WTSQ.SFA1CT,2002.09,2721.064,,R,Dollars,6,Wholesale Trade Survey - WTS,Industry by variable - (ANZSIC06) - Subannual Financial Collection,Basic material wholesaling,Sales (operating income),Current prices,Trend,
WTSQ.SFA1CT,2002.12,2700.889,,R,Dollars,6,Wholesale Trade Survey - WTS,Industry by variable - (ANZSIC06) - Subannual Financial Collection,Basic material wholesaling,Sales (operating income),Current prices,Trend,
WTSQ.SFA1CT,2003.03,2641.768,,R,Dollars,6,Wholesale Trade Survey - WTS,Industry by variable - (ANZSIC06) - Subannual Financial Collection,Basic material wholesaling,Sales (operating income),Current prices,Trend,
WTSQ.SFA1CT,2003.06,2585.946,,R,Dollars,6,Wholesale Trade Survey - WTS,Industry by variable - (ANZSIC06) - Subannual Financial Collection,Basic material wholesaling,Sales (operating income),Current prices,Trend,
WTSQ.SFA1CT,2003.09,2592.184,,R,Dollars,6,Wholesale Trade Survey - WTS,Industry by variable - (ANZSIC06) - Subannual Financial Collection,Basic material wholesaling,Sales (operating income),Current prices,Trend,
WTSQ.SFA1CT,2003.12,2639.295,,R,Dollars,6,Wholesale Trade Survey - WTS,Industry by variable - (ANZSIC06) - Subannual Financial Collection,Basic material wholesaling,Sales (operating income),Current prices,Trend,
WTSQ.SFA1CT,2004.03,2719.146,,R,Dollars,6,Wholesale Trade Survey - WTS,Industry by variable - (ANZSIC06) - Subannual Financial Collection,Basic material wholesaling,Sales (operating income),Current prices,Trend,
WTSQ.SFA1CT,2004.06,2834.667,,R,Dollars,6,Wholesale Trade Survey - WTS,Industry by variable - (ANZSIC06) - Subannual Financial Collection,Basic material wholesaling,Sales (operating income),Current prices,Trend,
WTSQ.SFA1CT,2004.09,2936.229,,R,Dollars,6,Wholesale Trade Survey - WTS,Industry by variable - (ANZSIC06) - Subannual Financial Collection,Basic material wholesaling,Sales (operating income),Current prices,Trend,
WTSQ.SFA1CT,2004.12,2967.52,,R,Dollars,6,Wholesale Trade Survey - WTS,Industry by variable - (ANZSIC06) - Subannual Financial Collection,Basic material wholesaling,Sales (operating income),Current prices,Trend,
WTSQ.SFA1CT,2005.03,3041.826,,R,Dollars,6,Wholesale Trade Survey - WTS,Industry by variable - (ANZSIC06) - Subannual Financial Collection,Basic material wholesaling,Sales (operating income),Current prices,Trend,
WTSQ.SFA1CT,2005.06,3135.95,,R,Dollars,6,Wholesale Trade Survey - WTS,Industry by variable - (ANZSIC06) - Subannual Financial Collection,Basic material wholesaling,Sales (operating income),Current prices,Trend,
WTSQ.SFA1CT,2005.09,3174.658,,R,Dollars,6,Wholesale Trade Survey - WTS,Industry by variable - (ANZSIC06) - Subannual Financial Collection,Basic material wholesaling,Sales (operating income),Current prices,Trend,
WTSQ.SFA1CT,2005.12,3216.752,,R,Dollars,6,Wholesale Trade Survey - WTS,Industry by variable - (ANZSIC06) - Subannual Financial Collection,Basic material wholesaling,Sales (operating income),Current prices,Trend,
WTSQ.SFA1CT,2006.03,3302.062,,R,Dollars,6,Wholesale Trade Survey - WTS,Industry by variable - (ANZSIC06) - Subannual Financial Collection,Basic material wholesaling,Sales (operating income),Current prices,Trend,
WTSQ.SFA1CT,2006.06,3400.131,,R,Dollars,6,Wholesale Trade Survey - WTS,Industry by variable - (ANZSIC06) - Subannual Financial Collection,Basic material wholesaling,Sales (operating income),Current prices,Trend,
WTSQ.SFA1CT,2006.09,3473.281,,R,Dollars,6,Wholesale Trade Survey - WTS,Industry by variable - (ANZSIC06) - Subannual Financial Collection,Basic material wholesaling,Sales (operating income),Current prices,Trend,
WTSQ.SFA1CT,2006.12,3541.152,,R,Dollars,6,Wholesale Trade Survey - WTS,Industry by variable - (ANZSIC06) - Subannual Financial Collection,Basic material wholesaling,Sales (operating income),Current prices,Trend,
WTSQ.SFA1CT,2007.03,3591.988,,R,Dollars,6,Wholesale Trade Survey - WTS,Industry by variable - (ANZSIC06) - Subannual Financial Collection,Basic material wholesaling,Sales (operating income),Current prices,Trend,
WTSQ.SFA1CT,2007.06,3649.695,,R,Dollars,6,Wholesale Trade Survey - WTS,Industry by variable - (ANZSIC06) - Subannual Financial Collection,Basic material wholesaling,Sales (operating income),Current prices,Trend,
WTSQ.SFA1CT,2007.09,3728.2,,R,Dollars,6,Wholesale Trade Survey - WTS,Industry by variable - (ANZSIC06) - Subannual Financial Collection,Basic material wholesaling,Sales (operating income),Current prices,Trend,
WTSQ.SFA1CT,2007.12,3875.376,,R,Dollars,6,Wholesale Trade Survey - WTS,Industry by variable - (ANZSIC06) - Subannual Financial Collection,Basic material wholesaling,Sales (operating income),Current prices,Trend,
WTSQ.SFA1CT,2008.03,4080.964,,R,Dollars,6,Wholesale Trade Survey - WTS,Industry by variable - (ANZSIC06) - Subannual Financial Collection,Basic material wholesaling,Sales (operating income),Current prices,Trend,
WTSQ.SFA1CT,2008.06,4244.24,,R,Dollars,6,Wholesale Trade Survey - WTS,Industry by variable - (ANZSIC06) - Subannual Financial Collection,Basic material wholesaling,Sales (operating income),Current prices,Trend,
WTSQ.SFA1CT,2008.09,4266.248,,R,Dollars,6,Wholesale Trade Survey - WTS,Industry by variable - (ANZSIC06) - Subannual Financial Collection,Basic material wholesaling,Sales (operating income),Current prices,Trend,
WTSQ.SFA1CT,2008.12,4069.106,,R,Dollars,6,Wholesale Trade Survey - WTS,Industry by variable - (ANZSIC06) - Subannual Financial Collection,Basic material wholesaling,Sales (operating income),Current prices,Trend,
WTSQ.SFA1CT,2009.03,3767.729,,R,Dollars,6,Wholesale Trade Survey - WTS,Industry by variable - (ANZSIC06) - Subannual Financial Collection,Basic material wholesaling,Sales (operating income),Current prices,Trend,
WTSQ.SFA1CT,2009.06,3588.488,,R,Dollars,6,Wholesale Trade Survey - WTS,Industry by variable - (ANZSIC06) - Subannual Financial Collection,Basic material wholesaling,Sales (operating income),Current prices,Trend,
WTSQ.SFA1CT,2009.09,3592.844,,R,Dollars,6,Wholesale Trade Survey - WTS,Industry by variable - (ANZSIC06) - Subannual Financial Collection,Basic material wholesaling,Sales (operating income),Current prices,Trend,
WTSQ.SFA1CT,2009.12,3639.226,,R,Dollars,6,Wholesale Trade Survey - WTS,Industry by variable - (ANZSIC06) - Subannual Financial Collection,Basic material wholesaling,Sales (operating income),Current prices,Trend,
WTSQ.SFA1CT,2010.03,3741.888,,R,Dollars,6,Wholesale Trade Survey - WTS,Industry by variable - (ANZSIC06) - Subannual Financial Collection,Basic material wholesaling,Sales (operating income),Current prices,Trend,
WTSQ.SFA1CT,2010.06,3919.973,,R,Dollars,6,Wholesale Trade Survey - WTS,Industry by variable - (ANZSIC06) - Subannual Financial Collection,Basic material wholesaling,Sales (operating income),Current prices,Trend,
WTSQ.SFA1CT,2010.09,4132.125,,R,Dollars,6,Wholesale Trade Survey - WTS,Industry by variable - (ANZSIC06) - Subannual Financial Collection,Basic material wholesaling,Sales (operating income),Current prices,Trend,
WTSQ.SFA1CT,2010.12,4377.671,,R,Dollars,6,Wholesale Trade Survey - WTS,Industry by variable - (ANZSIC06) - Subannual Financial Collection,Basic material wholesaling,Sales (operating income),Current prices,Trend,
WTSQ.SFA1CT,2011.03,4577.542,,R,Dollars,6,Wholesale Trade Survey - WTS,Industry by variable - (ANZSIC06) - Subannual Financial Collection,Basic material wholesaling,Sales (operating income),Current prices,Trend,
WTSQ.SFA1CT,2011.06,4689.291,,R,Dollars,6,Wholesale Trade Survey - WTS,Industry by variable - (ANZSIC06) - Subannual Financial Collection,Basic material wholesaling,Sales (operating income),Current prices,Trend,
WTSQ.SFA1CT,2011.09,4742.189,,R,Dollars,6,Wholesale Trade Survey - WTS,Industry by variable - (ANZSIC06) - Subannual Financial Collection,Basic material wholesaling,Sales (operating income),Current prices,Trend,
WTSQ.SFA1CT,2011.12,4762.674,,R,Dollars,6,Wholesale Trade Survey - WTS,Industry by variable - (ANZSIC06) - Subannual Financial Collection,Basic material wholesaling,Sales (operating income),Current prices,Trend,
WTSQ.SFA1CT,2012.03,4773.449,,R,Dollars,6,Wholesale Trade Survey - WTS,Industry by variable - (ANZSIC06) - Subannual Financial Collection,Basic material wholesaling,Sales (operating income),Current prices,Trend,
WTSQ.SFA1CT,2012.06,4788.789,,R,Dollars,6,Wholesale Trade Survey - WTS,Industry by variable - (ANZSIC06) - Subannual Financial Collection,Basic material wholesaling,Sales (operating income),Current prices,Trend,
WTSQ.SFA1CT,2012.09,4772.404,,R,Dollars,6,Wholesale Trade Survey - WTS,Industry by variable - (ANZSIC06) - Subannual Financial Collection,Basic material wholesaling,Sales (operating income),Current prices,Trend,
WTSQ.SFA1CT,2012.12,4744.302,,R,Dollars,6,Wholesale Trade Survey - WTS,Industry by variable - (ANZSIC06) - Subannual Financial Collection,Basic material wholesaling,Sales (operating income),Current prices,Trend,
WTSQ.SFA1CT,2013.03,4703.849,,R,Dollars,6,Wholesale Trade Survey - WTS,Industry by variable - (ANZSIC06) - Subannual Financial Collection,Basic material wholesaling,Sales (operating income),Current prices,Trend,
WTSQ.SFA1CT,2013.06,4662.708,,R,Dollars,6,Wholesale Trade Survey - WTS,Industry by variable - (ANZSIC06) - Subannual Financial Collection,Basic material wholesaling,Sales (operating income),Current prices,Trend,
WTSQ.SFA1CT,2013.09,4710.25,,R,Dollars,6,Wholesale Trade Survey - WTS,Industry by variable - (ANZSIC06) - Subannual Financial Collection,Basic material wholesaling,Sales (operating income),Current prices,Trend,
WTSQ.SFA1CT,2013.12,4903.397,,R,Dollars,6,Wholesale Trade Survey - WTS,Industry by variable - (ANZSIC06) - Subannual Financial Collection,Basic material wholesaling,Sales (operating income),Current prices,Trend,
WTSQ.SFA1CT,2014.03,5131.779,,R,Dollars,6,Wholesale Trade Survey - WTS,Industry by variable - (ANZSIC06) - Subannual Financial Collection,Basic material wholesaling,Sales (operating income),Current prices,Trend,
WTSQ.SFA1CT,2014.06,5204.475,,R,Dollars,6,Wholesale Trade Survey - WTS,Industry by variable - (ANZSIC06) - Subannual Financial Collection,Basic material wholesaling,Sales (operating income),Current prices,Trend,
WTSQ.SFA1CT,2014.09,5175.4,,R,Dollars,6,Wholesale Trade Survey - WTS,Industry by variable - (ANZSIC06) - Subannual Financial Collection,Basic material wholesaling,Sales (operating income),Current prices,Trend,
WTSQ.SFA1CT,2014.12,5150.718,,R,Dollars,6,Wholesale Trade Survey - WTS,Industry by variable - (ANZSIC06) - Subannual Financial Collection,Basic material wholesaling,Sales (operating income),Current prices,Trend,
WTSQ.SFA1CT,2015.03,5085.858,,R,Dollars,6,Wholesale Trade Survey - WTS,Industry by variable - (ANZSIC06) - Subannual Financial Collection,Basic material wholesaling,Sales (operating income),Current prices,Trend,
WTSQ.SFA1CT,2015.06,5041.896,,R,Dollars,6,Wholesale Trade Survey - WTS,Industry by variable - (ANZSIC06) - Subannual Financial Collection,Basic material wholesaling,Sales (operating income),Current prices,Trend,
WTSQ.SFA1CT,2015.09,5050.803,,R,Dollars,6,Wholesale Trade Survey - WTS,Industry by variable - (ANZSIC06) - Subannual Financial Collection,Basic material wholesaling,Sales (operating income),Current prices,Trend,
WTSQ.SFA1CT,2015.12,4978.22,,R,Dollars,6,Wholesale Trade Survey - WTS,Industry by variable - (ANZSIC06) - Subannual Financial Collection,Basic material wholesaling,Sales (operating income),Current prices,Trend,
WTSQ.SFA1CT,2016.03,4889.055,,R,Dollars,6,Wholesale Trade Survey - WTS,Industry by variable - (ANZSIC06) - Subannual Financial Collection,Basic material wholesaling,Sales (operating income),Current prices,Trend,
WTSQ.SFA1CT,2016.06,4917.126,,R,Dollars,6,Wholesale Trade Survey - WTS,Industry by variable - (ANZSIC06) - Subannual Financial Collection,Basic material wholesaling,Sales (operating income),Current prices,Trend,
WTSQ.SFA1CT,2016.09,4978.998,,R,Dollars,6,Wholesale Trade Survey - WTS,Industry by variable - (ANZSIC06) - Subannual Financial Collection,Basic material wholesaling,Sales (operating income),Current prices,Trend,
WTSQ.SFA1CT,2016.12,5074.118,,R,Dollars,6,Wholesale Trade Survey - WTS,Industry by variable - (ANZSIC06) - Subannual Financial Collection,Basic material wholesaling,Sales (operating income),Current prices,Trend,
WTSQ.SFA1CT,2017.03,5236.097,,R,Dollars,6,Wholesale Trade Survey - WTS,Industry by variable - (ANZSIC06) - Subannual Financial Collection,Basic material wholesaling,Sales (operating income),Current prices,Trend,
WTSQ.SFA1CT,2017.06,5414.686,,R,Dollars,6,Wholesale Trade Survey - WTS,Industry by variable - (ANZSIC06) - Subannual Financial Collection,Basic material wholesaling,Sales (operating income),Current prices,Trend,
WTSQ.SFA1CT,2017.09,5605.866,,R,Dollars,6,Wholesale Trade Survey - WTS,Industry by variable - (ANZSIC06) - Subannual Financial Collection,Basic material wholesaling,Sales (operating income),Current prices,Trend,
WTSQ.SFA1CT,2017.12,5785.308,,R,Dollars,6,Wholesale Trade Survey - WTS,Industry by variable - (ANZSIC06) - Subannual Financial Collection,Basic material wholesaling,Sales (operating income),Current prices,Trend,
WTSQ.SFA1CT,2018.03,5895.324,,R,Dollars,6,Wholesale Trade Survey - WTS,Industry by variable - (ANZSIC06) - Subannual Financial Collection,Basic material wholesaling,Sales (operating income),Current prices,Trend,
WTSQ.SFA1CT,2018.06,6047.651,,R,Dollars,6,Wholesale Trade Survey - WTS,Industry by variable - (ANZSIC06) - Subannual Financial Collection,Basic material wholesaling,Sales (operating income),Current prices,Trend,
WTSQ.SFA1CT,2018.09,6228.224,,R,Dollars,6,Wholesale Trade Survey - WTS,Industry by variable - (ANZSIC06) - Subannual Financial Collection,Basic material wholesaling,Sales (operating income),Current prices,Trend,
WTSQ.SFA1CT,2018.12,6319.609,,R,Dollars,6,Wholesale Trade Survey - WTS,Industry by variable - (ANZSIC06) - Subannual Financial Collection,Basic material wholesaling,Sales (operating income),Current prices,Trend,
WTSQ.SFA1CT,2019.03,6337.814,,R,Dollars,6,Wholesale Trade Survey - WTS,Industry by variable - (ANZSIC06) - Subannual Financial Collection,Basic material wholesaling,Sales (operating income),Current prices,Trend,
WTSQ.SFA1CT,2019.06,6319.017,,R,Dollars,6,Wholesale Trade Survey - WTS,Industry by variable - (ANZSIC06) - Subannual Financial Collection,Basic material wholesaling,Sales (operating income),Current prices,Trend,
WTSQ.SFA1CT,2019.09,6309.482,,R,Dollars,6,Wholesale Trade Survey - WTS,Industry by variable - (ANZSIC06) - Subannual Financial Collection,Basic material wholesaling,Sales (operating income),Current prices,Trend,
WTSQ.SFA1CT,2019.12,6329.416,,R,Dollars,6,Wholesale Trade Survey - WTS,Industry by variable - (ANZSIC06) - Subannual Financial Collection,Basic material wholesaling,Sales (operating income),Current prices,Trend,
WTSQ.SFA1CT,2020.03,6341.594,,R,Dollars,6,Wholesale Trade Survey - WTS,Industry by variable - (ANZSIC06) - Subannual Financial Collection,Basic material wholesaling,Sales (operating income),Current prices,Trend,
WTSQ.SFA1CT,2020.06,,,C,Dollars,6,Wholesale Trade Survey - WTS,Industry by variable - (ANZSIC06) - Subannual Financial Collection,Basic material wholesaling,Sales (operating income),Current prices,Trend,
WTSQ.SFA1CT,2020.09,,,C,Dollars,6,Wholesale Trade Survey - WTS,Industry by variable - (ANZSIC06) - Subannual Financial Collection,Basic material wholesaling,Sales (operating income),Current prices,Trend,
WTSQ.SFA1CT,2020.12,,,C,Dollars,6,Wholesale Trade Survey - WTS,Industry by variable - (ANZSIC06) - Subannual Financial Collection,Basic material wholesaling,Sales (operating income),Current prices,Trend,
WTSQ.SFA1CT,2021.03,,,C,Dollars,6,Wholesale Trade Survey - WTS,Industry by variable - (ANZSIC06) - Subannual Financial Collection,Basic material wholesaling,Sales (operating income),Current prices,Trend,
WTSQ.SFA1CT,2021.06,,,C,Dollars,6,Wholesale Trade Survey - WTS,Industry by variable - (ANZSIC06) - Subannual Financial Collection,Basic material wholesaling,Sales (operating income),Current prices,Trend,
WTSQ.SFA1CT,2021.09,,,C,Dollars,6,Wholesale Trade Survey - WTS,Industry by variable - (ANZSIC06) - Subannual Financial Collection,Basic material wholesaling,Sales (operating income),Current prices,Trend,
WTSQ.SFA1CT,2021.12,,,C,Dollars,6,Wholesale Trade Survey - WTS,Industry by variable - (ANZSIC06) - Subannual Financial Collection,Basic material wholesaling,Sales (operating income),Current prices,Trend,
WTSQ.SFA9CA,1995.03,1097.36,,F,Dollars,6,Wholesale Trade Survey - WTS,Industry by variable - (ANZSIC06) - Subannual Financial Collection,Basic material wholesaling,Total stocks,Current prices,Unadjusted,
WTSQ.SFA9CA,1995.06,1044.45,,F,Dollars,6,Wholesale Trade Survey - WTS,Industry by variable - (ANZSIC06) - Subannual Financial Collection,Basic material wholesaling,Total stocks,Current prices,Unadjusted,
WTSQ.SFA9CA,1995.09,1006.85,,F,Dollars,6,Wholesale Trade Survey - WTS,Industry by variable - (ANZSIC06) - Subannual Financial Collection,Basic material wholesaling,Total stocks,Current prices,Unadjusted,
WTSQ.SFA9CA,1995.12,1008.06,,F,Dollars,6,Wholesale Trade Survey - WTS,Industry by variable - (ANZSIC06) - Subannual Financial Collection,Basic material wholesaling,Total stocks,Current prices,Unadjusted,
WTSQ.SFA9CA,1996.03,1040.91,,F,Dollars,6,Wholesale Trade Survey - WTS,Industry by variable - (ANZSIC06) - Subannual Financial Collection,Basic material wholesaling,Total stocks,Current prices,Unadjusted,
WTSQ.SFA9CA,1996.06,1031.97,,F,Dollars,6,Wholesale Trade Survey - WTS,Industry by variable - (ANZSIC06) - Subannual Financial Collection,Basic material wholesaling,Total stocks,Current prices,Unadjusted,
WTSQ.SFA9CA,1996.09,1024.49,,F,Dollars,6,Wholesale Trade Survey - WTS,Industry by variable - (ANZSIC06) - Subannual Financial Collection,Basic material wholesaling,Total stocks,Current prices,Unadjusted,
WTSQ.SFA9CA,1996.12,1026.14,,F,Dollars,6,Wholesale Trade Survey - WTS,Industry by variable - (ANZSIC06) - Subannual Financial Collection,Basic material wholesaling,Total stocks,Current prices,Unadjusted,
WTSQ.SFA9CA,1997.03,994.17,,F,Dollars,6,Wholesale Trade Survey - WTS,Industry by variable - (ANZSIC06) - Subannual Financial Collection,Basic material wholesaling,Total stocks,Current prices,Unadjusted,
WTSQ.SFA9CA,1997.06,987.83,,F,Dollars,6,Wholesale Trade Survey - WTS,Industry by variable - (ANZSIC06) - Subannual Financial Collection,Basic material wholesaling,Total stocks,Current prices,Unadjusted,
WTSQ.SFA9CA,1997.09,1006.24,,F,Dollars,6,Wholesale Trade Survey - WTS,Industry by variable - (ANZSIC06) - Subannual Financial Collection,Basic material wholesaling,Total stocks,Current prices,Unadjusted,
WTSQ.SFA9CA,1997.12,998.72,,F,Dollars,6,Wholesale Trade Survey - WTS,Industry by variable - (ANZSIC06) - Subannual Financial Collection,Basic material wholesaling,Total stocks,Current prices,Unadjusted,
WTSQ.SFA9CA,1998.03,1023.32,,F,Dollars,6,Wholesale Trade Survey - WTS,Industry by variable - (ANZSIC06) - Subannual Financial Collection,Basic material wholesaling,Total stocks,Current prices,Unadjusted,
WTSQ.SFA9CA,1998.06,1019.3,,F,Dollars,6,Wholesale Trade Survey - WTS,Industry by variable - (ANZSIC06) - Subannual Financial Collection,Basic material wholesaling,Total stocks,Current prices,Unadjusted,
WTSQ.SFA9CA,1998.09,974.92,,F,Dollars,6,Wholesale Trade Survey - WTS,Industry by variable - (ANZSIC06) - Subannual Financial Collection,Basic material wholesaling,Total stocks,Current prices,Unadjusted,
WTSQ.SFA9CA,1998.12,984.46,,F,Dollars,6,Wholesale Trade Survey - WTS,Industry by variable - (ANZSIC06) - Subannual Financial Collection,Basic material wholesaling,Total stocks,Current prices,Unadjusted,
WTSQ.SFA9CA,1999.03,980.02,,F,Dollars,6,Wholesale Trade Survey - WTS,Industry by variable - (ANZSIC06) - Subannual Financial Collection,Basic material wholesaling,Total stocks,Current prices,Unadjusted,
WTSQ.SFA9CA,1999.06,1027.05,,F,Dollars,6,Wholesale Trade Survey - WTS,Industry by variable - (ANZSIC06) - Subannual Financial Collection,Basic material wholesaling,Total stocks,Current prices,Unadjusted,
WTSQ.SFA9CA,1999.09,1022.59,,F,Dollars,6,Wholesale Trade Survey - WTS,Industry by variable - (ANZSIC06) - Subannual Financial Collection,Basic material wholesaling,Total stocks,Current prices,Unadjusted,
WTSQ.SFA9CA,1999.12,1014.03,,F,Dollars,6,Wholesale Trade Survey - WTS,Industry by variable - (ANZSIC06) - Subannual Financial Collection,Basic material wholesaling,Total stocks,Current prices,Unadjusted,
WTSQ.SFA9CA,2000.03,1047.6,,F,Dollars,6,Wholesale Trade Survey - WTS,Industry by variable - (ANZSIC06) - Subannual Financial Collection,Basic material wholesaling,Total stocks,Current prices,Unadjusted,
WTSQ.SFA9CA,2000.06,1033.12,,F,Dollars,6,Wholesale Trade Survey - WTS,Industry by variable - (ANZSIC06) - Subannual Financial Collection,Basic material wholesaling,Total stocks,Current prices,Unadjusted,
WTSQ.SFA9CA,2000.09,1104,,F,Dollars,6,Wholesale Trade Survey - WTS,Industry by variable - (ANZSIC06) - Subannual Financial Collection,Basic material wholesaling,Total stocks,Current prices,Unadjusted,
WTSQ.SFA9CA,2000.12,1089.19,,F,Dollars,6,Wholesale Trade Survey - WTS,Industry by variable - (ANZSIC06) - Subannual Financial Collection,Basic material wholesaling,Total stocks,Current prices,Unadjusted,
WTSQ.SFA9CA,2001.03,1087.03,,F,Dollars,6,Wholesale Trade Survey - WTS,Industry by variable - (ANZSIC06) - Subannual Financial Collection,Basic material wholesaling,Total stocks,Current prices,Unadjusted,
Evaluation Only. Created with Aspose.Cells for .NET.Copyright 2003 - 2022 Aspose Pty Ltd.